<?xml version="1.0" encoding="UTF-8"?>
<project-private xmlns="http://www.netbeans.org/ns/project-private/1">
    <editor-bookmarks xmlns="http://www.netbeans.org/ns/editor-bookmarks/2" lastBookmarkId="0"/>
    <open-files xmlns="http://www.netbeans.org/ns/projectui-open-files/2">
        <group>
            <file>file:/E:/SysLib/Documents/GitHub/Engineering/DarwinInvaders/src/main/FileManager.java</file>
            <file>file:/E:/SysLib/Documents/GitHub/Engineering/DarwinInvaders/src/main/ObjHandler.java</file>
            <file>file:/E:/SysLib/Documents/GitHub/Engineering/DarwinInvaders/src/main/KeyInput.java</file>
            <file>file:/E:/SysLib/Documents/GitHub/Engineering/DarwinInvaders/src/main/GameController.java</file>
            <file>file:/E:/SysLib/Documents/GitHub/Engineering/DarwinInvaders/src/main/StatDisplayer.java</file>
        </group>
    </open-files>
</project-private>
